char,word
一,its'i
丁,ts'o:
七,s'its'i
三,san
下,ka
丈,z'o:
上,z'o:
丑,ts'u:
丐,kai
不,hu
丙,he:
世,se:
丕,hi
且,s'o
丘,kyu:
丞,z'o:
丟,ts'u:
並,he:
丫,a
中,ts'u:
串,kan
丸,gan
凡,bon
丹,tan
主,s'u
乃,nai
久,kyu:
么,eu
之,s'i
尹,in
乍,sa
乏,bo:
乎,ko
乒,pin
乓,pan
乖,kai
乘,z'o:
乙,otsu
九,kyu:
也,ya
乞,kotsu
乩,ke:
乳,nyu:
乾,kan
亂,ran
了,ryo:
予,yo
事,z'i
二,ni
于,u
云,un
井,se:
互,go
五,go
亙,ko:
些,sa
亞,a
亟,kyoku
亡,bo:
交,ko:
亦,eki
亥,gai
亨,ko:
享,kyo:
京,kyo:
亭,te:
亮,ryo:
人,z'in
仁,z'in
什,z'u:
仃,te:
仆,hu
仇,kyu:
仍,z'o:
今,kon
介,kai
仄,soku
以,i
付,hu
仔,s'i
仕,s'i
他,ta
仗,z'o:
代,dai
令,re:
仙,sen
仞,z'in
仿,ho:
伉,ko:
伙,ka
伊,i
伕,hu
伍,go
伐,batsu
休,kyu:
伏,huku
仲,ts'u:
件,ken
任,nin
仰,gyo:
仳,hi
份,hin
企,ki
位,i
住,z'u:
佇,ts'o
佗,ta
佞,ne:
伴,han
佛,butsu
何,ka
估,ko
佐,sa
佑,yu:
伽,ka
伺,s'i
伸,s'in
佃,ten
佔,ts'in
似,z'i
但,tan
佣,yo:
作,saku
你,z'i
伯,haku
低,te:
伶,re:
余,yo
佝,ko:
佯,yo:
依,i
侍,z'i
佳,ka
使,s'i
佬,ryo:
供,kyo:
例,re:
來,rai
侃,kan
佰,hyaku
併,he:
侈,s'i
佩,hai
佻,ts'o:
侖,rin
佾,itsu
侏,s'u
信,s'in
侵,s'in
侯,ko:
便,ben
俠,kyo:
俑,yo:
俏,s'o:
保,ho
促,soku
侶,ryo
俘,hu
俟,s'i
俊,s'un
俗,zoku
侮,bu
俐,ri
俄,ga
係,ke:
俚,ri
俎,so
俞,yu
倌,kan
倍,bai
倣,ho:
俯,hu
倦,ken
倥,ko:
俸,ho:
倩,sen
倖,ko:
倆,ryo:
值,ts'i
借,s'aku
倚,i
倒,to:
們,mon
俺,en
倀,ts'o:
倔,kutsu
倨,kyo
俱,ku
倡,s'o:
個,ko
候,ko:
倘,s'o:
俳,hai
修,s'u:
倭,wa
倪,ge:
俾,hu
倫,rin
倉,so:
偺,san
偽,gi
停,te:
假,ka
偃,en
偌,z'a
做,sa
偉,i
健,ken
偶,gu:
偎,wai
偕,kai
偵,te:
側,soku
偷,ts'u:
偏,hen
倏,s'uku
傢,ka
傍,bo:
傅,hu
備,bi
傑,ketsu
傀,kai
傖,s'o:
傘,san
傭,yo:
債,sai
傲,go:
傳,ten
僅,kin
傾,ke:
催,sai
傷,s'o:
傻,sa
傯,so:
僧,so:
僮,to:
僥,gyo:
僖,ki
僭,s'in
僚,ryo:
僕,boku
像,zo:
僑,kyo:
僱,ko
億,oku
儀,gi
僻,heki
僵,kyo:
價,ka
儂,do:
儈,kai
儉,ken
儒,z'u
儘,z'in
儔,ts'u:
儐,hin
優,yu:
償,s'o:
儡,rai
儲,ts'o
儷,re:
儼,gen
兀,kotsu
元,gen
允,in
充,z'u:
兄,ke:
光,ko:
兇,kyo:
兆,ts'o:
先,sen
兌,da
克,koku
免,men
兔,to
兒,z'i
兕,s'i
兗,en
兜,to:
兢,kyo:
入,nyu:
內,nai
全,zen
兩,ryo:
八,hats'i
六,roku
兮,ke:
公,ko:
共,kyo:
兵,he:
具,gu
其,ki
典,ten
兼,ken
冀,ki
冉,zen
冊,satsu
再,sai
冒,bo:
冑,ts'u:
冕,ben
最,sai
冗,z'o:
冠,kan
冤,en
冥,me:
冢,ts'o:
冬,to:
冰,hyo:
冶,ya
冷,re:
冽,retsu
凍,to:
凌,ryo:
准,z'un
凋,ts'o:
凜,rin
凝,gyo:
几,ki
凰,ko:
凱,gai
凳,to:
凶,kyo:
凹,o:
出,s'utsu
凸,totsu
函,kan
刀,to:
刁,ts'o:
刃,z'in
分,bun
切,setsu
刈,gai
刊,kan
列,retsu
刑,ke:
划,ka
刎,hun
別,betsu
判,han
利,ri
刪,san
刨,ho:
刻,koku
券,ken
刷,satsu
刺,s'i
到,to:
刮,katsu
制,se:
剁,ta
剎,setsu
剃,te:
削,saku
前,zen
剌,ratsu
剋,koku
則,soku
剖,bo:
剜,wan
剔,teki
剛,go:
剝,haku
剪,sen
副,huku
割,katsu
剴,gai
創,so:
剩,z'o:
剿,so:
剷,san
剽,hyo:
劃,kaku
劇,geki
劈,heki
劉,ryu:
劍,ken
劑,zai
力,ryoku
加,ka
功,ko:
劣,retsu
劫,ko:
助,z'o
努,do
劬,ku
劾,gai
勇,yu:
勉,ben
勃,botsu
勁,ke:
勒,roku
務,mu
勘,kan
動,do:
勞,ro:
勝,s'o:
勛,kun
募,bo
勦,so:
勤,kin
勢,se:
勵,re:
勸,kan
勻,in
勾,ko:
勿,mots'i
包,ho:
匆,so:
匈,kyo:
匍,ho
匐,hoku
匏,ho
匕,hi
化,ka
北,hoku
匙,s'i
匝,kyo:
匡,kyo:
匠,s'o:
匣,ko:
匪,hi
匯,ki
匱,ki
匹,hitsu
匿,toku
區,ku
匾,hen
十,z'u:
千,sen
午,go
升,s'o:
卅,so:
仟,sen
半,han
卉,ki
卒,sotsu
協,kyo:
卓,taku
卑,hi
南,nan
博,haku
卜,boku
卞,ben
卡,sa
占,sen
卦,ka
卯,bo:
卮,s'i
印,in
危,ki
即,soku
卵,ran
卷,kan
卸,s'a
卹,s'utsu
卻,kyaku
卿,ke:
厄,yaku
厚,ko:
原,gen
厝,saku
厥,ketsu
厭,en
厲,re:
去,kyo
參,san
又,yu:
叉,sa
友,yu:
及,kyu:
反,han
取,s'u
叔,s'uku
受,z'u
叛,han
叟,so:
曼,man
叢,so:
口,ko:
可,ka
古,ko
右,u
召,s'o:
叮,te:
叩,ko:
叨,to:
叼,ts'o:
司,s'i
叵,ha
叫,kyo:
另,re:
只,s'i
史,s'i
叱,s'itsu
台,dai
句,ku
叭,hatsu
吉,kits'i
吏,ri
同,do:
吊,ts'o:
吐,to
吁,ku
吋,to:
各,kaku
向,ko:
名,me:
合,go:
吃,kitsu
后,ko:
吆,yo:
吒,ta
吝,rin
吭,ko:
吞,don
吾,go
否,hi
呎,s'aku
吧,ha
呆,ho:
呃,aku
吳,go
呈,te:
呂,ro
君,kun
吩,hun
告,koku
吹,sui
吻,hun
吸,kyu:
吮,sen
吵,byo:
吶,totsu
吠,hai
吼,ko:
呀,ga
吱,s'i
含,gan
吟,gin
味,mi
呵,ka
咖,ka
呸,hi
咕,ko
咀,so
呻,s'in
呷,ko:
咄,totsu
咒,z'u
咆,ho:
呼,ko
咐,hu
呱,ko
呶,do
和,wa
咚,to:
呢,z'i
周,s'u:
咋,saku
命,me:
咎,kyu:
咬,ko:
哀,ai
咨,s'i
哎,gai
哉,sai
咸,kan
咦,i
咳,kai
哇,a
哂,s'in
咽,in
咪,bi
品,hin
哄,ko:
哈,go:
咯,kaku
咫,s'i
咱,satsu
咻,ku
哨,s'o:
唐,to:
唁,gen
唷,iku
哼,ko:
哥,ka
哲,tetsu
唆,sa
哺,ho
唔,go
哩,ri
哭,koku
員,in
唉,kai
哮,ko:
哪,da
哦,ga
唧,s'oku
商,s'o:
啪,ha
啦,ro:
啄,taku
啞,a
啡,hai
啃,s'u:
啊,a
唱,s'o:
啖,tan
問,mon
啕,to:
唯,yui
啤,hi
唸,ten
售,s'u:
啜,setsu
唬,ko:
啣,kan
唳,re:
啻,s'i
喀,kaku
喧,ken
啼,te:
喊,kan
喝,katsu
喘,zen
喂,i
喜,ki
喪,so:
喔,aku
喇,ratsu
喋,ts'o:
喃,nan
喳,sa
單,tan
喟,ki
唾,da
喲,yaku
喚,kan
喻,yu
喬,kyo:
喱,ri
啾,s'u:
喉,ko:
嗟,sa
嗨,kai
嗓,so:
嗦,sa
嗎,ba
嗜,s'i
嗇,s'oku
嗑,ko:
嗣,s'i
嗤,s'i
嗯,on
嗚,u
嗡,o:
嗅,kyu:
嗆,s'o:
嗥,ko:
嗾,zoku
嘀,teki
嘛,ma
嘗,s'o:
嗽,so:
嘔,o:
嘆,tan
嘉,ka
嘍,ro:
嘎,katsu
嗷,go:
嘖,saku
嘟,to
嘈,so:
嘮,ro:
嘻,ki
嘹,ryo:
嘲,ts'o:
嘿,boku
嘴,s'i
嘩,ka
噓,kyo
噎,itsu
噗,boku
噴,hun
嘶,se:
嘯,s'o:
嘰,ki
噙,kin
噫,i
噹,to:
噩,gaku
噤,kin
噸,ton
噪,so:
器,ki
噥,no:
噱,kyaku
噯,ai
噬,ze:
噢,yu:
嚎,ko:
嚀,ne:
嚐,s'o:
嚅,z'u
嚇,kaku
嚏,te:
嚕,ro
嚮,ko:
嚥,en
嚨,ro:
嚷,z'o:
嚶,o:
嚴,gen
嚼,s'aku
囁,s'o:
囀,ten
囂,go:
囈,ge:
囊,no:
囉,ra
囌,so
囑,s'oku
四,s'i
囚,s'u:
因,in
回,kai
囪,so:
困,kon
囤,ton
固,ko
圃,ho
圈,ken
國,koku
圍,i
園,en
圓,en
團,dan
圖,zu
土,do
圳,s'o:
地,ts'i
在,zai
圭,ke:
圬,o
圯,i
坊,bo:
坑,ko:
址,s'i
坍,tan
均,kin
坎,kan
圾,gyu:
坐,za
坏,hai
垃,ratsu
坷,ka
坪,he:
坩,kan
坡,ha
坦,tan
坤,kon
坼,taku
垂,sui
型,ke:
垠,gin
垣,en
垢,ko:
城,z'o:
垮,ka
埂,ko:
埔,ho
埋,mai
埃,ai
域,iki
堅,ken
堊,aku
堆,tai
埠,hu
埤,hi
基,ki
堂,do:
堵,to
執,s'itsu
培,bai
堯,gyo:
堪,kan
場,z'o:
堤,te:
堰,en
報,ho:
堡,ho
塞,soku
塑,so
塘,to:
塗,to
塚,ts'o:
塔,to:
填,ten
塌,to:
塭,on
塊,kai
塢,o
塵,ts'in
塾,z'uku
境,kyo:
墓,bo
墊,ten
塹,zan
墅,s'o
墀,ts'i
墟,kyo
增,zo:
墳,hun
墜,tsui
墮,da
壁,heki
墾,kon
壇,dan
壅,yo:
壕,ko:
壓,atsu
壑,gaku
壙,ko:
壘,rui
壞,kai
壟,ro:
壢,reki
壤,z'o:
壩,ha
士,s'i
壬,nin
壯,so:
壹,its'i
壺,ko
壽,z'u
夏,ka
夔,ki
夕,seki
外,gai
夙,s'uku
多,ta
夜,ya
夠,ko:
夥,ka
夢,mu
夤,in
大,dai
天,ten
夫,hu
太,tai
夭,yo:
央,o:
失,s'itsu
夷,i
夸,ko
夾,kyo:
奉,ho:
奇,ki
奈,na
奄,en
奔,hon
奕,eki
契,ke:
奏,so:
奎,ke:
奐,kan
套,to:
奘,z'o:
奚,ke:
奢,s'a
奠,ten
奧,o:
奪,datsu
奩,ren
奮,hun
女,z'o
奴,do
奶,dai
妄,mo:
奸,kan
妃,hi
好,ko:
她,ts'i
如,z'o
妁,s'aku
妝,so:
妒,to
妨,bo:
妞,ts'u:
妣,hi
妙,myo:
妖,yo:
妍,ken
妤,yo
妓,gi
妊,nin
妥,da
妾,s'o:
妻,sai
委,i
妹,mai
妮,z'i
姑,ko
姆,bo
姐,so
姍,san
始,s'i
姓,se:
姊,s'i
妯,ts'u:
妳,dai
姒,s'i
姜,kyo:
姘,he:
姿,s'i
姣,ko:
姨,te:
娃,a
姥,bo
姪,tetsu
姚,yo:
姦,kan
威,i
姻,in
娑,s'a
娘,z'o:
娜,da
娟,en
娛,go
娓,bi
姬,ki
娠,s'in
娣,te:
娩,ben
娥,ga
娌,ri
娶,s'u
婁,ru
婉,en
婦,hu
婪,ran
婀,a
娼,s'o:
婢,hi
婚,kon
婆,ba
婊,hyo:
婷,te:
媚,bi
婿,se:
媒,bai
媛,en
嫁,ka
嫉,s'itsu
嫌,ken
媾,ko:
媽,bo
媼,o:
媳,seki
嫂,so:
媲,he:
嫡,ts'aku
嫦,ko:
嫩,don
嫗,u
嫖,hyo:
嫘,rui
嫣,en
嬉,ki
嫻,kan
嬋,sen
嫵,bu
嬌,kyo:
嬝,z'o:
嬴,e:
嬰,e:
嬪,hin
嬤,ba
嬸,s'in
孀,so:
子,s'i
孑,ketsu
孓,ketsu
孔,ko:
孕,yo:
字,z'i
存,son
孝,ko:
孜,s'i
孚,hu
孟,mo:
孤,ko
季,ki
孩,gai
孫,son
孰,z'uku
孳,z'i
孱,sen
孵,hu
學,gaku
孺,z'u
孽,getsu
孿,san
它,ta
宇,u
守,s'u
宅,taku
安,an
完,kan
宋,so:
宏,ko:
宗,s'u:
定,te:
官,kan
宜,gi
宙,ts'u:
宛,en
宣,sen
宦,kan
室,s'itsu
客,kyaku
宥,yu:
宰,sai
害,gai
家,ka
宴,en
宮,kyu:
宵,s'o:
容,yo:
宸,s'in
寇,ko:
寅,in
寄,ki
寂,z'aku
宿,s'uku
密,mitsu
寒,kan
富,hu
寓,gu:
寐,bi
寞,baku
寧,ne:
寡,ka
寥,ryo:
實,z'itsu
寨,sai
寢,s'in
寤,go
察,satsu
寮,ryo:
寬,kan
審,s'in
寫,s'a
寵,ts'o:
寶,ho:
寸,sun
寺,z'i
封,hu:
射,s'a
尉,i
專,sen
將,s'o:
尊,son
尋,z'in
對,tai
導,do:
小,s'o:
少,s'o:
尖,sen
尚,s'o:
尤,yu:
尬,kai
就,s'u:
尷,kan
尸,s'i
尺,s'aku
尼,ni
局,kyoku
屁,hi
尿,nyo:
尾,bi
屈,kutsu
居,kyo
屆,kai
屎,s'i
屏,he:
屍,s'i
屋,oku
屑,setsu
展,ten
屐,geki
屠,to
屜,te:
屢,ru
層,so:
履,ri
屬,zoku
屯,ton
山,san
屹,kitsu
岐,ki
岑,s'in
岔,ta
岌,kyu:
岷,bin
岡,ko:
岸,gan
岩,gan
岫,ko:
岱,tai
岳,gaku
峙,z'i
峭,s'o:
峽,kyo:
峻,s'un
峪,yoku
峨,ga
峰,ho:
島,to:
崁,kan
崇,su:
崆,ko:
崎,ki
崛,kutsu
崖,gai
崢,so:
崑,kon
崩,ho:
崔,gai
崙,ron
嵌,kan
嵐,ran
嵩,su:
嶄,zan
嶇,ku
嶝,to:
嶼,s'o
嶺,re:
嶽,gaku
巍,gi
巔,ten
巒,ran
巖,gan
川,sen
州,s'u:
巢,so:
工,ko:
巨,kyo
巧,ko:
左,sa
巫,hu
差,sa
己,ko
已,i
巳,s'i
巴,ha
巷,ko:
巽,son
巾,kin
市,s'i
布,hu
帆,han
希,ki
帘,ren
帚,so:
帖,ts'o:
帕,batsu
帛,haku
帑,to:
帝,te:
帥,sui
席,seki
師,s'i
常,z'o:
帶,tai
帳,ts'o:
帷,i
幅,huku
帽,bo:
幀,te:
幌,ko:
幛,s'o:
幣,he:
幕,maku
幗,kaku
幔,man
幢,to:
幟,s'i
幫,ho:
干,kan
平,he:
并,he:
年,nen
幸,ko:
幹,kan
幻,gen
幼,yo:
幽,yu:
幾,ki
序,z'o
庇,hi
床,s'o:
庚,ko:
店,ten
府,hu
底,te:
庖,ho:
庠,s'o:
度,do
庫,ko
庭,te:
座,za
康,ko:
庸,yo:
庶,s'o
庵,an
庾,yu
廊,ro:
廁,s'i
廂,s'o:
廉,ren
廈,ka
廓,kaku
廖,ryo:
廢,hai
廚,s'u:
廟,byo:
廝,s'i
廣,ko:
廠,s'o:
龐,ho:
廬,ro
廳,ts'o:
廷,te:
延,en
建,ken
廿,z'u:
弁,ben
弄,ro:
弈,eki
弊,he:
式,s'iki
弒,s'i
弓,kyu:
弔,ts'o:
引,in
弘,ko:
弗,hutsu
弛,ts'i
弟,te:
弦,gen
弧,ko
弩,do
弭,bi
弱,z'aku
張,ts'o:
強,kyo:
弼,hitsu
彆,hetsu
彈,dan
彌,mi
彎,wan
彗,sui
彙,i
彞,i
彤,to:
形,ke:
彥,gen
彬,hin
彩,sai
彫,ts'o:
彭,ho:
彰,s'o:
影,e:
彷,ho:
役,yaku
往,o:
征,se:
彿,hutsu
彼,hi
很,kon
待,tai
徊,kai
律,ritsu
徇,z'un
後,go
徒,to
徑,ke:
徐,z'o
得,toku
徙,s'i
從,z'u:
徘,hai
御,gyo
復,huku
循,z'un
徨,ko:
徬,ho:
微,bi
徹,tetsu
德,toku
徵,ts'o:
徽,ki
心,s'in
必,hitsu
忙,bo:
忖,son
忘,bo:
忌,ki
志,s'i
忍,nin
忱,s'in
快,kai
忝,ten
忠,ts'u:
忽,kotsu
念,nen
忿,hun
怏,o:
怔,se:
怯,kyo:
怵,ts'utsu
怖,hu
怪,kai
怕,haku
怡,i
性,se:
怒,do
思,s'i
怠,tai
急,kyu:
怎,s'in
怨,en
恍,ko:
恰,ko:
恨,kon
恢,kai
恆,ko:
恃,z'i
恬,ten
恫,do:
恪,kaku
恤,z'utsu
恙,yo:
恣,s'i
恥,ts'i
恐,kyo:
恕,z'o
恭,kyo:
恩,on
息,soku
悄,s'o:
悟,go
悚,s'o:
悍,kan
悔,kai
悌,te:
悅,etsu
悖,hai
恿,yo:
患,kan
悉,s'itsu
悠,yu:
您,z'i
惋,wan
悴,sui
惦,ten
悽,se:
情,z'o:
悻,ke:
悵,ts'o:
惜,seki
悼,to:
惘,bo:
惕,teki
惆,ts'u:
惟,i
悸,ki
惚,kotsu
惑,waku
惡,aku
悲,hi
悶,mon
惠,ke:
愜,kyo:
愣,ro:
惺,se:
愕,gaku
惰,da
惻,soku
惴,zui
慨,gai
惱,no:
愎,huku
惶,ko:
愉,yu
愀,s'u:
愚,gu
意,i
慈,z'i
感,kan
想,so:
愛,ai
惹,z'aku
愁,s'u:
愈,yu
慎,s'in
慌,ko:
慄,ritsu
慍,un
愾,gai
愴,so:
愧,ki
慇,in
愿,gen
態,tai
慷,ko:
慢,man
慣,kan
慟,do:
慚,zan
慘,san
慶,ke:
慧,ke:
慮,ryo
慝,toku
慕,bo
憂,yu:
慼,seki
慰,i
慫,s'o:
慾,yoku
憧,s'o:
憐,ren
憫,bin
憎,zo:
憬,ke:
憚,tan
憤,hun
憔,s'o:
憲,ken
憑,hyo:
憩,ke:
憊,hai
懍,rin
憶,oku
憾,kan
懊,o:
懈,ke
應,o:
懂,to:
懇,kon
懦,da
懣,man
懲,ts'o:
懷,kai
懶,ran
懵,mo:
懸,ken
懺,zan
懼,ku
懾,s'o:
懿,i
戀,ren
戈,ka
戊,bo
戎,z'u:
戌,z'utsu
戍,z'u
成,se:
戒,kai
我,ga
或,waku
戕,s'o:
戚,soku
戛,katsu
戟,geki
戡,kan
戢,s'u:
截,setsu
戮,riku
戰,sen
戲,gi
戴,tai
戳,taku
戶,ko
房,bo:
戾,re:
所,s'o
扁,hen
扇,sen
扈,ko
扉,hi
手,s'u
才,sai
扎,satsu
打,da
扔,z'o:
扒,hai
扣,ko:
扛,ko:
托,taku
抄,s'o:
抗,ko:
抖,to
技,gi
扶,hu
抉,ketsu
扭,z'u:
把,ha
扼,yaku
找,so:
批,hi
扳,han
抒,z'o
扯,ta
折,setsu
扮,hun
投,to:
抓,so:
抑,yoku
承,s'o:
拉,ratsu
拌,han
拄,ts'u
抿,bin
拂,hitsu
抹,matsu
拒,kyo
招,s'o:
披,hi
拓,taku
拔,batsu
拋,ho:
拈,nen
抨,ho:
抽,ts'u:
押,o:
拐,kai
拙,setsu
拇,bo
拍,haku
抵,te:
拚,hen
抱,ho:
拘,ko:
拖,ta
拗,o:
拆,taku
抬,tai
拎,re:
拜,hai
挖,atsu
按,an
拼,ho:
拭,s'oku
持,z'i
拮,katsu
拽,e:
指,s'i
拱,kyo:
拷,go:
拯,s'o:
括,katsu
拾,s'u:
拴,sen
挑,ts'o:
拳,ken
挈,ke:
拿,da
捎,so:
挾,kyo:
振,s'in
捕,ho
捂,go
捆,kon
捏,netsu
捉,soku
挺,ts'o:
捐,en
挽,ban
挪,da
挫,za
挨,ai
掠,ryaku
控,ko:
捲,ken
掖,eki
探,tan
接,setsu
捷,s'o:
捧,ho:
掘,kutsu
措,so
捱,gai
掩,en
掉,to:
掃,so:
掛,kai
捫,mon
推,sui
掄,ron
授,z'u
掙,so:
採,sai
掬,kiku
排,hai
掏,to:
掀,kin
捻,nen
捩,re:
捨,s'a
掣,se:
掌,s'o:
描,byo:
揀,kan
揩,kai
揉,z'u:
揆,ki
揍,so:
插,so:
揣,s'i
提,te:
握,aku
揖,itsu
揭,ke:
揮,ki
捶,sui
援,en
揪,s'u:
換,kan
摒,he:
揚,yo:
搓,sa
搾,saku
搞,ko:
搪,to:
搭,to:
搽,ta
搬,han
搏,haku
搜,so:
搔,so:
損,son
搶,so:
搖,yo:
搗,to:
撇,hetsu
摘,teki
摔,s'utsu
撤,tetsu
摸,mo
摟,ro:
摺,s'o:
摑,kaku
摧,sai
摩,ma
摯,s'i
摹,bo
撞,do:
撲,boku
撈,ro:
撐,ts'o:
撰,san
撥,hatsu
撓,to:
撕,se:
撩,ryo:
撒,san
撮,satsu
播,ha
撫,bu
撚,nen
撬,kyo:
擅,sen
擁,yo:
擋,to:
撻,tatsu
撼,kan
據,kyo
擄,ryo
擇,taku
擂,rai
操,so:
撿,ren
擒,kin
擔,tan
擎,ke:
擊,geki
擘,haku
擠,se:
擰,do:
擦,satsu
擬,gi
擱,kaku
擴,kaku
擲,teki
擾,z'o:
攆,ren
擺,hai
擻,so:
攀,han
攏,ro:
攘,z'o:
攔,ran
攙,sen
攝,setsu
攜,ke:
攤,tan
攣,ren
攫,kaku
攪,kaku
攬,ran
支,s'i
收,s'u:
改,kai
攻,ko:
放,ho:
政,se:
故,ko
效,ko:
敝,he:
敖,go:
救,kyu:
教,kyo:
敗,hai
啟,ke:
敏,bin
敘,z'o
敞,s'o:
敦,ton
敢,kan
散,san
敬,ke:
敲,ko:
敵,teki
敷,hu
數,su:
整,se:
斂,ren
斃,he:
文,bun
斑,han
斐,hi
斗,to
料,ryo:
斜,s'a
斟,s'in
斡,atsu
斤,kin
斥,seki
斧,hu
斫,s'aku
斬,zan
斯,s'i
新,s'in
斷,dan
方,ho:
於,o
施,s'i
旁,bo:
旅,ryo
族,zoku
旋,sen
旌,se:
旎,z'i
旗,ki
旖,i
既,ki
日,nits'i
旦,tan
早,so:
旨,s'i
旬,z'un
旭,kyoku
旱,kan
旺,o:
昔,seki
易,eki
昌,s'o:
昆,kon
昂,ko:
明,me:
昀,in
昏,kon
春,s'un
昭,s'o:
映,e:
昧,mai
是,ze
星,se:
昨,saku
時,z'i
晉,s'in
晏,an
晃,ko:
晒,sai
晌,s'o:
晝,ts'u:
晚,ban
晤,go
晨,s'in
晦,kai
普,hu
晰,s'aku
晴,se:
晶,s'o:
景,ke:
暑,s'o
智,ts'i
暗,an
暉,ki
暇,ka
暈,un
暖,dan
暢,ts'o:
暨,ki
暮,bo
暫,zan
暴,bo:
曆,reki
曉,kyo:
暹,sen
曙,s'o
曖,ai
曠,ko:
曝,baku
曦,gi
曰,etsu
曲,kyoku
曳,e:
更,ko:
曷,katsu
書,s'o
曹,so:
勗,kyoku
曾,so:
替,tai
會,kai
月,getsu
有,yu:
服,huku
朋,ho:
朔,saku
朕,ts'in
朗,ro:
望,bo:
期,ki
朝,ts'o:
朦,mo:
朧,ro:
木,boku
朮,z'utsu
本,hon
未,mi
末,matsu
札,satsu
朽,kyu:
朴,boku
朱,s'u
朵,ta
束,soku
李,ri
杏,kyo:
材,zai
村,son
杜,to
杖,z'o:
杞,ko
杉,san
杭,ko:
枋,ho:
枕,ts'in
東,to:
果,ka
杳,yo:
杷,ha
枇,bi
枝,s'i
林,rin
杯,hai
杰,ketsu
板,han
枉,o:
松,s'o:
析,seki
杵,s'o
枚,mai
柿,s'i
染,sen
柱,ts'u:
柔,z'u:
某,bo:
柬,kan
架,ka
枯,ko
柵,saku
柩,kyu:
柯,ka
柄,he:
柑,kon
枴,kai
柚,yu
查,sa
枸,ku
柏,haku
柞,saku
柳,ryu:
校,ko:
核,kaku
案,an
框,kyo:
桓,kan
根,kon
桂,ke:
桔,kitsu
栩,ku
梳,so
栗,ritsu
桌,taku
桑,so:
栽,sai
柴,sai
桐,to:
桀,ketsu
格,kaku
桃,to:
株,s'u
桅,gai
栓,sen
梁,ryo:
梯,te:
梢,s'o:
梓,s'i
梵,bon
桿,kan
桶,yo:
梱,kon
梧,go
梗,ko:
械,kai
梃,ts'o:
棄,ki
梭,sa
梆,ho:
梅,bai
梔,s'i
條,z'o:
梨,ri
梟,kyo:
棺,kan
棕,s'u
棠,to:
棘,kyoku
棗,so:
椅,i
棟,to:
棵,kan
森,s'in
棧,san
棹,to:
棒,bo:
棲,se:
棣,te:
棋,ki
棍,kon
植,s'oku
椒,s'o:
椎,tsui
棉,men
棚,ho:
榔,ro:
業,gyo:
楚,so
楷,kai
楠,nan
楔,ketsu
極,kyoku
椰,ya
概,gai
楊,yo:
楨,te:
楫,s'u:
楞,ryo:
楓,hu:
楹,e:
榆,yu
榜,bo:
榨,sa
榕,yo:
槁,ko:
榮,e:
槓,ko:
構,ko:
榛,s'in
榷,kaku
榻,to:
榫,s'un
榴,ru
槐,kai
槍,so:
榭,s'a
槌,tsui
樣,yo:
樟,s'o:
槨,kaku
樁,to:
樞,su:
標,hyo:
槽,so:
模,mo
樓,ro:
樊,han
槳,s'o:
樂,gaku
樅,s'o:
樽,son
樸,boku
樺,ka
橙,to:
橫,o:
橘,kitsu
樹,z'u
橄,kan
橢,da
橡,s'o:
橋,kyo:
橇,kyo:
樵,s'o:
機,ki
檀,dan
檔,to:
檄,keki
檢,ken
檜,kai
櫛,s'itsu
檳,bin
檬,mo:
櫃,ki
檻,kan
檸,ne:
櫂,to:
櫥,ts'u:
櫝,toku
櫚,ro
櫓,ro
櫻,o:
欄,ran
權,ken
欖,ran
欠,ketsu
次,z'i
欣,kin
欲,yoku
款,kan
欺,gi
欽,kin
歇,ketsu
歉,ken
歌,ka
歐,o:
歙,kyu:
歟,yo
歡,kan
止,s'i
正,se:
此,s'i
步,ho
武,bu
歧,ki
歪,wai
歲,sai
歷,reki
歸,ki
歹,gatsu
死,s'i
歿,botsu
殃,o:
殆,tai
殊,s'u
殉,z'un
殘,zan
殖,s'oku
殤,s'o:
殮,ren
殯,hin
殲,sen
段,dan
殷,in
殺,satsu
殼,kaku
毀,ki
殿,den
毅,ki
毆,o:
毋,bu
母,bo
每,mai
毒,doku
毓,iku
比,hi
毗,hi
毛,mo:
毫,go:
毯,tan
毽,ken
氏,s'i
民,min
氐,te:
氓,bo:
氖,dai
氛,hun
氟,hutsu
氣,ki
氧,yo:
氨,an
氦,gai
氤,in
氫,ke:
氮,tan
氯,ryoku
氳,un
水,sui
永,e:
汁,z'u:
汀,te:
氾,han
求,kyu:
汝,z'o
汗,kan
汙,o
江,ko:
池,ts'i
汐,seki
汕,san
汞,ko:
沙,sa
沁,s'in
沈,ts'in
沉,ts'in
沅,gen
沛,hai
汪,o:
決,ketsu
沐,moku
汰,ta
沌,ton
汨,kotsu
沖,ts'u:
沒,botsu
汽,ki
沃,yo:
汲,kyu:
汾,hun
泣,kyu:
注,ts'u:
泳,e:
沱,ta
泌,hitsu
泥,de:
河,ka
沽,ko
沾,sen
沼,s'o:
波,ha
沫,matsu
法,ho:
泓,o:
沸,hutsu
泄,setsu
油,yu
況,kyo:
沮,so
泗,s'i
泅,s'u:
泱,o:
沿,en
治,z'i
泡,ho:
泛,han
泊,haku
泉,sen
泰,tai
洋,yo:
洲,s'u:
洪,ko:
流,ryu:
津,s'in
洌,retsu
洱,z'i
洞,do:
洗,sen
活,katsu
洽,ko:
派,ha
洶,kyo:
洛,raku
浪,ro:
涕,te:
消,s'o:
涇,ke:
浦,ho
浸,s'in
海,kai
浙,setsu
涓,ken
浬,ri
涉,s'o:
浮,hu
浚,s'un
浴,yoku
浩,ko:
涎,sen
涼,ryo:
淳,z'un
淙,so:
液,eki
淡,tan
淌,to:
淤,o
添,ten
淺,sen
清,se:
淇,ki
淋,rin
涯,gai
淑,s'uku
涮,sen
淞,s'o:
淹,en
涸,ko
混,kon
淵,en
淅,seki
淒,se:
渚,s'o
涵,kan
淚,rui
淫,in
淘,to:
淪,rin
深,s'in
淮,wai
淨,z'o:
淆,ko:
淄,s'i
港,ko:
游,yu:
湔,sen
渡,to
渲,sen
湧,yu:
湊,so:
渠,kyo
渥,aku
渣,sa
減,gen
湛,tan
湘,s'o:
渤,botsu
湖,ko
湮,in
渭,i
渦,ka
湯,to:
渴,katsu
湍,tan
渺,byo:
測,soku
湃,hai
渝,yu
渾,kon
滋,z'i
溉,gai
渙,kan
溢,itsu
溯,so
滓,s'i
溶,yo:
滂,ho:
源,gen
溝,ko:
滇,ten
滅,metsu
溥,hu
溘,ko:
溼,s'itsu
溺,deki
溫,on
滑,katsu
準,z'un
溜,ryu:
滄,so:
滔,to:
溪,ke:
漳,s'o:
演,en
滾,kon
漓,ri
滴,teki
漩,sen
漾,yo:
漠,baku
漬,s'i
漏,ro:
漂,hyo:
漢,kan
滿,man
滯,tai
漆,s'itsu
漱,so:
漸,zen
漲,ts'o:
漣,ren
漕,so:
漫,man
漯,to:
澈,tetsu
漪,i
滬,ko:
漁,gyo
滲,s'in
滌,deki
漿,s'o:
潼,do:
澄,ts'o:
潑,hatsu
潦,ro:
潔,ketsu
澆,gyo:
潭,tan
潛,sen
潸,san
潮,ts'o:
澎,ho:
潺,sen
潰,kai
潤,z'un
澗,kan
潘,han
濂,ren
澱,den
澡,so:
濃,no:
澤,taku
濁,daku
澧,re:
澳,o:
激,geki
澹,tan
濘,ne:
濱,hin
濟,sai
濠,go:
濛,mo:
濤,to:
濫,ran
濯,taku
澀,z'u:
濬,s'un
濡,z'u
瀉,s'a
瀋,s'in
濾,ro
瀆,toku
濺,sen
瀑,baku
瀏,ryu:
瀛,e:
瀟,s'o:
瀨,rai
瀚,kan
瀝,reki
瀕,hin
瀾,ran
瀰,bi
灌,kan
灑,s'a
灘,tan
灣,wan
灤,ran
火,ka
灰,kai
灶,so:
灼,s'aku
災,sai
灸,kyu:
炕,ko:
炎,en
炒,so:
炊,sui
炙,s'a
炫,ken
為,i
炳,he:
炬,ko
炯,ke:
炭,tan
炸,taku
炮,ho:
烊,yo:
烘,ko:
烤,ko:
烙,raku
烈,retsu
烏,u
烹,ho:
焉,en
焊,kan
烽,ho:
焙,ho:
焚,hun
焦,s'o:
焰,en
無,mu
然,zen
煮,s'a
煎,sen
煙,en
煩,han
煤,bai
煉,ren
照,s'o:
煜,iku
煬,yo:
煦,ku
煌,ko:
煥,kan
煞,satsu
熔,yo:
熙,ki
煽,sen
熊,yu:
熄,soku
熟,z'uku
熬,go:
熱,netsu
熨,i
熾,s'i
燉,ton
燐,rin
燒,s'o:
燈,to:
燕,en
熹,ki
燎,ryo:
燙,to:
燜,mon
燃,nen
燄,en
燧,sui
營,e:
燮,s'o:
燦,san
燥,so:
燭,soku
燬,ki
燴,kai
燻,kun
爆,baku
爍,s'aku
爐,ro
爛,ran
爨,san
爪,so:
爬,ha
爭,so:
爰,en
爵,s'aku
父,hu
爸,ha
爹,ta
爺,ya
爻,ko:
爽,so:
爾,z'i
牆,s'o:
片,hen
版,han
牌,hai
牒,ts'o:
牖,yu:
牘,toku
牙,ga
牛,gyu:
牟,bo:
牝,hin
牢,ro:
牡,bo
牠,ta
牧,boku
物,butsu
牲,se:
牯,ko
牴,te:
特,toku
牽,ken
犁,ri
犄,i
犀,sai
犒,ko:
犖,raku
犛,bo:
犢,toku
犧,gi
犬,ken
犯,han
狄,teki
狂,kyo:
狀,z'o:
狎,o:
狙,so
狗,ku
狐,ko
狩,s'u
狠,gan
狡,ko:
狼,ro:
狹,kyo:
狽,ken
狸,ri
狷,ken
猜,sai
猛,mo:
猖,s'o:
猓,ka
猙,so:
猶,yu:
猥,wai
猴,ko:
猩,s'o:
猷,yu:
獅,s'i
猿,en
猾,katsu
獄,goku
獐,s'o:
獎,s'o:
獗,ketsu
獨,doku
獰,do:
獲,kaku
獷,ko:
獵,ryo:
獸,z'u:
獺,datsu
獻,ken
玀,ra
玄,gen
率,sotsu
王,o:
玉,gyoku
玖,kyu:
玩,gan
玨,kaku
玟,bin
玫,bai
玷,ten
珊,san
玻,ha
玲,re:
珍,ts'in
珀,haku
玳,tai
班,han
琉,ryu:
珮,hai
珠,s'u
琅,ro:
琊,ya
球,kyu:
理,ri
現,gen
琍,ri
琺,ho:
琪,ki
琳,rin
琢,taku
琥,ko
琵,bi
琶,ha
琴,kin
瑯,ro:
瑚,ko
瑕,ka
瑟,s'itsu
瑞,zui
瑁,mai
琿,kon
瑙,no:
瑛,e:
瑜,yu
瑤,yo:
瑣,sa
瑪,me
瑰,kai
瑩,e:
璋,s'o:
璃,ri
璜,ko:
璣,ki
璩,kyo
環,kan
璦,ai
璧,heki
璽,z'i
瓊,ke:
瓏,ro:
瓜,ka
瓠,ko
瓢,hyo:
瓣,ben
瓦,ga
瓶,bin
瓷,s'i
甄,ken
甌,o:
甕,o:
甘,kan
甚,z'in
甜,ten
生,se:
產,san
甥,se:
甦,so
用,yo:
甩,s'utsu
甬,yo:
甫,ho
甭,ho:
田,den
由,yu
甲,ko:
申,s'in
男,dan
甸,den
甽,ken
畏,i
界,kai
畔,han
畝,bo:
畜,ts'iku
畚,hon
留,ryu:
略,ryaku
畦,ke:
畢,hitsu
異,i
畫,ga
番,ban
當,to:
畸,ki
疇,ts'u:
疆,kyo:
疊,z'o:
疋,hiki
疏,so
疑,gi
疝,sen
疙,gitsu
疚,kyu:
疫,eki
疤,ha
疥,kai
疾,s'itsu
病,byo:
症,s'o:
疲,hi
疳,kan
疽,so
疼,to:
疹,s'in
痔,z'i
痕,kon
疵,s'i
痢,ri
痛,tsu:
痣,s'i
痙,ke:
痘,to:
痊,sen
痞,hi
瘀,yo
痰,tan
瘁,sui
痲,ma
痱,hi
痺,hi
痿,i
痴,ts'i
瘧,gyaku
瘍,yo:
瘋,hu:
瘉,yu
瘓,tan
瘠,seki
瘩,to:
瘟,on
瘤,ryu:
瘦,so:
瘡,so:
瘴,s'o:
瘸,ka
癆,ro:
療,ryo:
癌,gan
癖,heki
癘,re:
癒,yu
癢,yo:
癥,ts'o:
癩,rai
癮,in
癬,sen
癱,tan
癲,ten
癸,ki
登,to:
發,hatsu
白,haku
百,hyaku
皂,so:
的,teki
皆,kai
皇,ko:
皈,ki
皎,kyo:
皖,kan
皓,ko:
皚,gai
皮,hi
皰,ho:
皴,s'un
皺,s'u:
皿,be:
盂,u
盈,e:
盆,bon
盃,hai
益,eki
盍,ko:
盎,o:
盔,kai
盒,ko:
盛,se:
盜,to:
盞,san
盟,me:
盡,z'in
監,kan
盤,ban
盧,ro
盥,kan
盪,to:
目,moku
盯,te:
盲,mo:
直,ts'oku
省,se:
盹,s'un
相,so:
眉,bi
看,kan
盾,z'un
盼,han
眩,gen
真,s'in
眠,min
眨,so:
眷,ken
眾,s'u:
眼,gan
眶,kyo:
眸,bo:
眺,ts'o:
睏,kon
睛,se:
睫,s'o:
睦,boku
睞,rai
督,toku
睹,to
睪,eki
睬,sai
睜,se:
睥,he:
睨,ge:
瞄,byo:
睽,ke:
睿,e:
睡,sui
瞎,katsu
瞇,be:
瞌,ko:
瞑,me:
瞠,do:
瞞,man
瞟,hyo:
瞥,betsu
瞳,do:
瞪,to:
瞰,kan
瞬,s'un
瞧,s'o:
瞭,ryo:
瞽,ko
瞿,ku
瞻,sen
矇,mo:
矓,ro:
矗,ts'oku
矚,s'oku
矛,mu
矜,kin
矢,s'i
矣,i
知,ts'i
矩,ku
短,tan
矮,wai
矯,kyo:
石,seki
矽,seki
砂,sa
研,ken
砌,sai
砍,kan
砰,ho:
砧,ts'in
砸,so:
砝,kyo:
破,ha
砷,s'in
砥,s'i
砭,hen
硫,ryu:
硃,s'u
硝,s'o:
硬,ko:
硯,ken
碎,sai
碰,ho:
碗,wan
碘,ten
碌,roku
碉,ts'o:
硼,ho:
碑,hi
磁,z'i
碟,katsu
碧,heki
碳,tan
碩,seki
磋,sa
磅,bo:
確,kaku
磊,rai
碾,ten
磕,kai
碼,ba
磐,ban
磨,ma
磚,sen
磬,ke:
磷,rin
磺,ko:
磴,to:
磯,ki
礁,s'o:
礎,so
礙,gai
礦,ko:
礪,re:
礬,ban
礫,reki
示,z'i
社,s'a
祀,s'i
祁,ki
祆,ken
祉,s'i
祈,ki
祇,gi
祕,hi
祐,yu:
祠,s'i
祟,sui
祖,so
神,s'in
祝,s'uku
祗,s'i
祚,so
祥,s'o:
票,hyo:
祭,sai
祺,ki
祿,roku
禁,kin
禎,te:
福,huku
禍,ka
禦,gyo
禧,ki
禪,zen
禮,re:
禱,to:
禹,u
萬,man
禽,kin
禾,ka
私,s'i
秀,s'u:
禿,toku
秉,he:
科,ka
秒,byo:
秋,s'u:
秤,s'o:
秣,matsu
秧,o:
租,so
秦,s'in
秩,ts'itsu
移,i
稍,so:
稈,kan
程,te:
稅,ze:
稀,ki
稜,ryo:
稚,ts'i
稠,ts'u:
稔,nen
稟,rin
種,s'u
稱,s'o:
稿,ko:
稼,ka
穀,koku
稽,ke:
稷,s'oku
稻,to:
積,seki
穎,e:
穆,boku
穌,so
穗,sui
穡,s'oku
穢,ai
穫,kaku
穩,on
穴,ketsu
究,kyu:
空,ku:
穹,kyu:
穿,sen
突,totsu
窄,saku
窈,yo:
窒,ts'itsu
窕,ts'o:
窘,kin
窗,so:
窖,ko:
窟,kutsu
窠,ka
窪,wa
窩,ka
窯,yo:
窮,kyu:
窺,ki
竄,zan
竅,kyo:
竇,to:
竊,setsu
立,ritsu
站,tan
童,do:
竣,do:
竭,ketsu
端,tan
競,kyo:
竹,ts'iku
竺,z'iku
竿,kan
竽,u
笆,ha
笑,s'o:
笠,ryu:
笨,hon
笛,teki
第,dai
符,hu
笙,s'o:
笞,ts'i
等,to:
策,saku
筆,hitsu
筐,kyo:
筒,to:
答,to:
筍,z'un
筋,kin
筏,batsu
筷,kai
節,setsu
筠,in
管,kan
箕,ki
箋,sen
筵,en
算,san
箝,kan
箔,haku
箏,so:
箭,sen
箱,so:
範,han
箴,s'in
篆,ten
篇,hen
篁,ko:
篙,ko:
簑,sa
築,ts'iku
篤,toku
篛,z'aku
篡,san
篩,s'i
簇,zoku
簍,ru
篾,betsu
篷,ho:
簫,s'o:
簧,ko:
簪,s'in
簞,tan
簣,ki
簡,kan
簾,ren
簿,bo
簸,ha
簽,sen
簷,en
籌,ts'u:
籃,ran
籍,seki
籐,to:
籠,ro:
籟,rai
籤,sen
籬,ri
籮,ra
籲,yu
米,be:
粉,hun
粒,ryu:
粗,so
粟,zoku
粥,iku
粱,ryo:
粳,ko:
粵,etsu
粹,sui
粽,so:
精,se:
糊,ko
糕,ko:
糖,to:
糠,ko:
糜,bi
糞,hun
糢,bo
糟,ko:
糙,so:
糧,ryo:
糯,da
糸,s'i
系,ke:
糾,kyu:
紂,ts'u:
紅,ko:
紀,ki
紉,z'in
紇,kotsu
約,yaku
紡,bo:
紗,sa
紋,mon
紊,bin
素,so
索,saku
純,z'un
紐,ts'u:
紕,hi
級,kyu:
紜,un
納,no:
紙,s'i
紛,hun
絆,han
絃,gen
統,to:
紮,satsu
紹,s'o:
紼,hutsu
絀,ts'utsu
細,sai
紳,s'in
組,so
累,rui
終,s'u:
絞,ko:
結,ketsu
絨,z'u:
絕,zetsu
紫,s'i
絮,z'o
絲,s'i
絡,raku
給,kyu:
絢,ken
經,ke:
絹,ken
綑,kon
綁,ho:
綏,sui
綻,tan
綰,wan
綜,so:
綽,s'aku
綾,rin
綠,ryoku
緊,kin
綴,te:
網,mo:
綱,ko:
綺,ki
綢,ts'u:
綿,men
綵,sai
綸,rin
維,i
緒,s'o
緇,s'i
締,te:
練,ren
緯,i
緻,ts'i
緘,kan
緬,men
緝,s'u:
編,hen
緣,en
線,sen
緞,don
緩,kan
綞,ta
縊,i
縑,ken
縈,e:
縛,baku
縣,ken
縮,s'uku
績,seki
繆,byu:
縷,ru
縲,rui
繃,ho:
縫,ho:
總,so:
縱,z'u:
繅,so:
繁,han
織,s'oku
繕,zen
繞,z'o:
繚,ryo:
繡,s'u:
繫,ke:
繭,ken
繹,eki
繩,z'o:
繪,kai
辮,ben
繽,hin
繼,ke:
纂,san
纏,ten
續,zoku
纓,e:
纖,sen
纜,ran
缶,kan
缸,ko:
缺,ketsu
缽,hats'i
罄,ke:
罈,tan
罐,kan
罕,kan
罔,mo:
罟,ko
置,ts'i
罩,to:
罪,zai
署,s'o
罰,batsu
罵,ba
罷,hi
罹,ri
羅,ra
羈,ki
羊,yo:
羌,kyo:
羋,ba
美,bi
羔,ko:
羞,s'u:
羚,re:
善,zen
義,gi
羨,sen
群,gun
羯,katsu
羲,gi
羶,sen
羹,ko:
羸,rui
羽,u
羿,ge:
翅,s'i
翁,o:
翌,yoku
翎,re:
習,s'u:
翔,s'o:
翕,kyu:
翠,sui
翡,hi
翟,keki
翩,hen
翰,kan
翱,go:
翳,e:
翼,yoku
翹,gyo:
翻,hon
耀,yo:
老,ro:
考,ko:
者,s'a
耆,ki
而,z'i
耐,tai
耍,sa
耒,rai
耘,un
耕,ko:
耙,ha
耗,mo:
耜,s'i
耳,z'i
耶,ya
耽,tan
耿,ko:
聊,ryo:
聆,re:
聖,se:
聘,he:
聞,bun
聚,s'u:
聱,go:
聲,se:
聰,so:
聯,ren
聳,s'o:
職,s'oku
聶,s'o:
聾,ro:
聽,ts'o:
聿,its'i
肆,s'i
肄,i
肅,s'uku
肇,ts'o:
肉,niku
肋,roku
肌,ki
肖,s'o:
肓,ko:
肝,kan
肘,ts'u:
肛,ko:
肚,to
育,iku
肺,hai
肥,hi
肢,s'i
肱,ko:
股,ko
肫,s'un
肩,ken
肴,ko:
肪,bo:
肯,ko:
胖,han
胥,s'o
胚,hai
胃,i
胄,ts'u:
背,hai
胡,u
胛,ko:
胎,tai
胞,ho:
胤,in
胱,ko:
脂,s'i
胰,i
脅,kyo:
胭,in
胴,do:
脆,ze:
胸,kyo:
胳,kaku
脈,myaku
能,no:
脊,seki
脯,hu
脖,hotsu
脣,s'in
脫,datsu
脩,s'u:
腕,wan
腔,ko:
腋,eki
腑,hu
腎,z'in
脹,ts'o:
腆,ten
脾,hi
腐,hu
腱,ken
腰,yo:
腸,ts'o:
腥,se:
腮,sai
腳,kyaku
腫,s'u
腹,huku
腺,sen
腦,no:
膀,bo:
膏,ko:
膈,kaku
膊,haku
腿,tai
膛,to:
膜,maku
膝,s'itsu
膠,ko:
膚,hu
膳,zen
膩,z'i
膨,bo:
臆,oku
臃,yo:
膺,yo:
臂,hi
臀,den
膿,no:
膽,tan
臉,ken
膾,kai
臍,se:
臏,hin
臘,ro:
臚,ro
臟,zo:
臣,s'in
臥,ga
臧,zo:
臨,rin
自,z'i
臭,s'u:
臬,getsu
至,s'i
致,ts'i
臺,dai
臻,s'in
臼,kyu:
臾,yu
舀,yo:
舂,s'o:
舅,kyu:
與,yo
興,ko:
舉,kyo
舊,kyu:
舌,zetsu
舍,seki
舐,s'i
舒,z'o
舔,ten
舛,bu
舜,s'un
舞,bu
舟,s'u:
舢,san
航,ko:
舫,ho:
舨,han
般,han
舵,da
舷,gen
舶,haku
船,sen
艇,te:
艘,s'o:
艙,so:
艦,kan
艮,kon
良,ryo:
艱,kan
色,s'oku
艾,kai
芒,bo:
芋,u
芍,s'aku
芳,ho:
芝,s'i
芙,hu
芭,ba
芽,ga
芟,sen
芹,kin
花,ka
芬,hun
芥,kai
芻,su:
苧,ts'o
范,han
茅,bo:
苣,kyo
苛,ka
苦,ku
茄,ka
若,z'aku
茂,mo
茉,matsu
苒,zen
苗,byo:
英,e:
茁,satsu
苜,moku
苔,tai
苑,en
苞,ho:
苓,re:
苟,ko:
茫,bo:
荒,ko:
荔,re:
荊,ke:
茸,z'o:
荐,sen
草,so:
茵,in
茴,ui
荏,z'in
茲,s'i
茹,z'o
茶,ts'a
茗,myo:
荀,z'un
茱,s'u
莎,sa
莞,kan
莘,s'in
荸,hotsu
莢,kyo:
莖,ke:
莽,bo:
莫,baku
莒,kyo
莊,so:
莓,bai
莉,ri
莠,yu:
荷,ka
荻,teki
荼,ta
菩,bo
萃,sui
菸,en
萍,he:
菠,ha
菅,kan
萋,se:
菁,se:
華,ka
菱,ryo:
菴,an
著,ts'o
萊,rai
菰,ko
萌,ho:
菌,kin
菽,s'uku
菲,hi
菊,kiku
萸,yu
萎,i
萄,do:
菜,sai
蒂,te:
葷,kun
落,raku
萱,ken
葵,ki
葦,i
葫,ko
葉,yo:
葬,so:
葛,katsu
萼,gaku
萵,wa
葡,bu
董,to:
葩,ha
蓉,yo:
蒿,ko:
蓆,seki
蓄,ts'iku
蒙,mo:
蒞,ri
蒲,ho
蒜,san
蓋,gai
蒸,z'o:
蓀,son
蓓,hai
蒐,s'u:
蒼,so:
蔗,s'a
蔽,he:
蔚,utsu
蓮,ren
蔬,so
蔭,in
蔓,man
蔑,betsu
蔣,s'o:
蔡,sai
蔔,huku
蓬,ho:
蔥,so:
蓿,s'uku
蕊,zui
蕙,ke:
蕈,z'in
蕨,ketsu
蕩,to:
蕃,ban
蕉,s'o:
蕭,s'o:
蕪,bu
薪,s'in
薄,haku
蕾,rai
薜,he:
薑,kyo:
薔,ba
薯,s'o
薛,setsu
薇,ra
藏,zo:
薩,satsu
藍,ran
藐,byo:
藉,s'a
薰,kun
藩,han
藝,ge:
藪,so:
藕,gu:
藤,to:
藥,yaku
藻,so:
藹,ai
蘑,ma
藺,rin
蘆,ro
蘋,hin
蘇,so
蘊,un
蘗,haku
蘭,ran
蘚,sen
蘸,san
蘿,ra
虎,ko
虐,gyaku
虔,ken
處,s'o
彪,hyo:
虛,kyo
虞,gu
虜,ryo
號,ko:
虧,ki
虫,ts'u:
虱,s'itsu
虹,ko:
蚊,bun
蚪,to
蚓,zu
蚤,so:
蚩,s'i
蚌,bo:
蚣,ko:
蛇,z'a
蛀,s'u
蚶,kan
蛄,ko
蚵,ka
蛆,so
蛋,tan
蚱,saku
蚯,kyu:
蛟,ko:
蛙,a
蛭,s'itsu
蛔,kai
蛛,ts'u
蛤,ko:
蛹,yo:
蜓,en
蜈,go
蜇,tetsu
蜀,s'oku
蛾,gi
蛻,ze:
蜂,ho:
蜃,s'in
蜿,en
蜜,mitsu
蜻,se:
蜢,mo:
蜥,s'aku
蜴,eki
蜘,ts'i
蝕,s'oku
螂,ro:
蝴,ko
蝶,ts'o:
蝠,huku
蝦,ka
蝸,ka
蝨,s'itsu
蝙,hen
蝗,ko:
蝌,ka
螃,ho:
螟,me:
螞,ba
螢,ke:
融,yu:
蟀,s'utsu
蟑,s'o:
螳,to:
蟒,bo:
蟆,ba
螫,seki
螻,ro:
螺,ra
蟈,kaku
蟋,s'itsu
蟯,gyo:
蟬,sen
蟲,ts'u:
蟻,gi
蠅,yo:
蠍,katsu
蟹,kai
蠔,ko:
蠕,zen
蠣,re:
蠢,s'un
蠡,re:
蠟,ro:
蠱,ko
蠶,san
蠹,to
蠻,ban
血,ketsu
行,ko:
衍,en
術,z'utsu
街,gai
衙,ga
衛,e:
衝,s'o:
衡,ko:
衢,ku
衣,i
初,s'o
表,hyo:
衫,san
衰,sui
衷,ts'u:
袁,en
袂,be:
袞,kon
袈,ke
被,hi
袒,tan
袖,s'u:
袍,ho:
袋,tai
裁,sai
裂,retsu
袱,huku
裟,sa
裔,e:
裙,kun
補,ho
裘,kyu:
裝,so:
裡,ri
裊,ts'o:
裕,yu:
裳,s'o:
褂,ke:
裴,hai
裹,ho:
裸,ra
製,se:
裨,hi
褚,ts'o
褐,katsu
複,huku
褒,ho:
褓,ho
褪,tai
褲,ko
褥,z'oku
褫,ts'i
褻,setsu
褶,s'o:
襄,z'o:
褸,ro
襠,to:
襟,kin
襖,o:
襤,ran
襪,betsu
襲,s'u:
襯,s'in
西,se:
要,yo:
覃,tan
覆,huku
見,ken
覓,beki
規,ki
視,s'i
親,s'in
覦,yu
覬,ki
覲,kin
覺,kaku
覽,ran
觀,kan
角,kaku
解,kai
觴,s'o:
觸,s'oku
言,gen
計,ke:
訂,te:
訃,hu
記,ki
訐,ketsu
討,to:
訌,ko:
訕,san
訊,z'in
託,taku
訓,kun
訖,kitsu
訪,ho:
訝,ga
訣,ketsu
訥,totsu
許,kyo
設,setsu
訟,s'o:
訛,ka
註,ts'u:
詠,e:
評,hyo:
詞,s'i
証,s'o:
詁,ko
詔,s'o:
詛,so
詐,sa
詆,te:
訴,so
診,s'in
詫,ta
該,gai
詳,s'o:
試,s'i
詩,s'i
詰,kitsu
誇,ko
詼,kai
詣,ke:
誠,se:
話,wa
誅,ts'u:
詭,ki
詢,z'un
詮,sen
詬,ko:
詹,sen
誦,s'o:
誌,s'i
語,go
誣,hu
認,nin
誡,kai
誓,se:
誤,go
說,setsu
誥,ko:
誨,kai
誘,yu:
誑,kyo:
誼,gi
諒,ryo:
談,dan
諄,s'un
誕,tan
請,se:
諸,s'o
課,ka
諉,zui
諂,ten
調,ts'o:
誰,sui
論,ron
諍,so:
諦,te:
諺,gen
諫,kan
諱,ki
謀,bo:
諜,ts'o:
諧,kai
諮,s'i
諾,daku
謁,etsu
謂,i
諷,hu:
諭,yu
謎,me:
謗,bo:
謙,ken
講,ko:
謊,ko:
謠,yo:
謝,s'a
謄,to:
謨,bo
謹,kin
謬,byu:
譁,ka
譜,hu
識,s'iki
證,s'o:
譚,tan
譎,ketsu
譏,ki
議,gi
譬,hi
警,ke:
譯,yaku
譴,ken
護,go
譽,yo
讀,doku
變,hen
讓,z'o:
讒,zan
讖,s'in
讚,san
谷,koku
豁,katsu
谿,ke:
豆,to:
豈,kai
豉,s'i
豌,en
豎,z'u
豐,ho:
豔,en
豕,s'i
豚,ton
象,s'o:
豢,ken
豪,go:
豬,ts'o
豫,yo
豺,sai
豹,hyo:
貂,ts'o:
貊,haku
貉,kaku
貍,ri
貌,bo:
貓,byo:
貝,bai
貞,te:
負,hu
財,zai
貢,ko:
販,han
責,seki
貫,kan
貨,ka
貪,tan
貧,hin
貯,ts'o
貼,ten
貳,ni
賊,zoku
資,s'i
賈,ko
賄,wai
貲,s'i
賃,ts'in
賂,ro
賓,hin
貽,i
賅,kai
賁,hun
費,hi
賀,ga
貴,ki
買,bai
貶,hen
貿,bo:
貸,tai
賑,s'in
賒,s'a
賠,bai
賞,s'o:
賦,hu
賤,sen
賬,ts'o:
賭,to
賢,ken
賣,bai
賜,s'i
質,s'itsu
賴,rai
賺,tan
賽,sai
購,ko:
贅,ze:
贈,zo:
贊,san
贏,e:
贍,sen
贓,so:
贖,s'oku
贗,ken
贛,ko:
赤,seki
赧,tan
赦,s'a
赫,kaku
赭,s'a
走,so:
赴,hu
赳,kyu:
起,ki
越,etsu
超,ts'o:
趁,ts'in
趙,ts'o:
趕,kan
趟,to:
趣,s'u
趨,su:
足,soku
趴,ha
趾,s'i
跎,ta
距,kyo
跋,hatsu
跚,san
跑,ho:
跌,tetsu
跛,ha
跆,tai
跡,seki
跟,kon
跨,ko
路,ro
跳,ts'o:
跺,ta
跪,ki
跼,kyoku
踫,ho:
踐,sen
踝,ka
踢,teki
踏,to:
踩,sai
踟,ts'i
蹄,te:
踱,taku
踴,yo:
蹂,z'u:
踹,sen
踵,s'o:
蹉,sa
蹋,to:
蹈,to:
蹊,ke:
蹙,s'uku
蹣,man
蹦,ho:
蹤,s'o:
蹼,boku
蹲,son
躇,ts'o
蹶,ketsu
蹬,to:
蹺,kyo:
躉,ton
躁,so:
躅,ts'oku
躂,tatsu
躊,ts'u:
躍,yaku
躑,teki
躡,z'o:
躪,rin
身,s'in
躬,kyu:
躲,ta
躺,to:
軀,ku
車,s'a
軋,atsu
軍,gun
軌,ki
軒,ken
軔,z'in
軛,yaku
軟,nan
軻,ka
軸,z'iku
軼,itsu
較,kaku
載,sai
軾,s'oku
輊,ts'i
輔,ho
輒,ts'o:
輕,ke:
輓,ban
輝,ki
輛,ryo:
輟,tetsu
輩,hai
輦,ren
輪,rin
輜,s'i
輻,huku
輯,s'u:
輸,yu
轄,katsu
輾,ten
轂,koku
轅,en
輿,yo
轉,ten
轍,tetsu
轔,rin
轎,kyo:
轟,go:
轡,hi
辛,s'in
辜,ko
辟,heki
辣,ratsu
辨,ben
辦,han
辭,z'i
辯,ben
辰,s'in
辱,z'oku
農,no:
迂,u
迆,i
迅,z'in
迄,kitsu
巡,z'un
迎,ge:
返,hen
近,kin
述,z'utsu
迦,ka
迢,ts'o
迪,teki
迥,ke:
迭,tetsu
迫,haku
送,so:
逆,gyaku
迷,me:
退,tai
迺,nai
迴,kai
逃,to:
追,tsui
逅,ko:
這,s'a
逍,s'o:
通,tsu:
逗,to:
連,ren
速,soku
逝,se:
逐,ts'iku
逕,ke:
逞,te:
造,zo:
透,to:
逢,ho:
逖,teki
逛,kyo:
途,to
逮,tai
逵,ki
週,s'u:
逸,itsu
進,s'in
運,un
遊,yu:
道,do:
遂,sui
達,tatsu
逼,huku
違,i
遐,ka
遇,gu:
遏,atsu
過,ka
遍,hen
遑,kan
逾,yu
遁,ton
遠,en
遘,ko:
遜,son
遣,ken
遙,yo:
遞,te:
適,teki
遮,s'a
遨,go:
遭,so:
遷,sen
遵,z'un
遴,rin
選,sen
遲,ts'i
遼,ryo:
遺,i
避,hi
遽,kyo
還,kan
邁,mai
邂,kai
邀,yo:
邇,z'i
邊,hen
邐,ri
邏,ra
邑,yu:
邕,yo:
邢,ke:
邪,z'a
邦,ho:
那,na
邵,s'o:
邸,te:
邱,kyu:
郊,ko:
郎,ro:
郁,iku
郡,gun
部,bu
郭,kaku
都,to
鄂,gaku
郵,yu:
鄉,kyo:
鄒,su:
鄙,hi
鄰,rin
鄭,te:
鄧,to:
鄱,ha
鄹,s'u:
酉,yu:
酋,s'u:
酊,te:
酒,s'u
配,hai
酌,s'aku
酗,ku
酣,kan
酥,so
酬,s'u:
酪,raku
酩,me:
酵,ko:
酸,san
酷,koku
醇,z'un
醉,sui
醋,saku
醃,en
醒,se:
醣,to:
醞,un
醜,s'u:
醫,i
醬,s'o:
醺,kun
釀,z'o:
釁,kin
采,sai
釉,yu:
釋,s'aku
里,ri
重,z'u:
野,ya
量,ryo:
釐,ri
金,kin
釘,te:
針,s'in
釗,s'o:
釜,hu
釵,sai
釦,ko:
鈔,s'o:
釣,ts'o:
釧,sen
鈕,ts'u:
鈣,kai
鈉,do:
鈞,kin
鈍,don
鈐,ken
鈷,ko
鉗,ken
鈸,hatsu
鈽,hu
鉀,ko:
鈾,ts'u:
鉛,en
鉋,ho:
鉤,ko:
鉑,haku
鈴,re:
鉸,ko:
銀,gin
銅,do:
銘,me:
銖,s'u
鉻,raku
銓,sen
銜,kan
鋅,s'i
銻,te:
銷,s'o:
鋪,ho
銬,ko:
鋤,z'o
鋁,ryo
銳,e:
銼,sa
鋒,ho:
錠,z'o:
錶,hyo:
鋸,kyo
錳,mo:
錯,saku
錢,sen
鋼,ko:
錫,seki
錄,roku
錚,so:
錐,sui
錦,kin
鍍,to
鎂,bi
錨,byo:
鍵,ken
鍊,ren
鍥,ketsu
鍋,ka
錘,sui
鍾,s'o:
鍬,s'o:
鍛,tan
鍰,kan
鎔,yo:
鎊,ho:
鎖,sa
鎢,u
鎳,getsu
鎮,ts'in
鏡,kyo:
鏑,teki
鏟,san
鏃,soku
鏈,ren
鏜,to:
鏝,man
鏖,o:
鏢,hyo:
鏍,ra
鏘,so:
鏤,ru
鏗,ko:
鐘,s'o:
鐃,do:
鏽,s'u:
鐮,ren
鐳,rai
鐵,tetsu
鐺,to
鐸,taku
鐲,taku
鑄,ts'u:
鑑,kan
鑒,kan
鑣,hyo:
鑠,s'aku
鑲,z'o:
鑰,yaku
鑽,san
鑾,ran
鑼,ra
鑿,saku
長,ts'o:
門,mon
閂,san
閃,sen
閉,he:
閔,bin
閏,z'un
開,kai
閑,kan
間,kan
閒,kan
閘,ko:
閡,kai
閨,ke:
閩,ben
閣,kaku
閥,batsu
閤,ko:
閭,ryo
閱,etsu
閻,en
闊,katsu
闋,ketsu
闌,ran
闈,i
闆,han
闔,ko:
闖,ts'in
闐,ten
關,kan
闡,sen
闢,heki
阜,hu
阡,sen
防,bo:
阮,gen
阱,se:
阪,han
陀,ta
阿,a
阻,so
附,hu
限,gen
陋,ro:
陌,haku
降,ko:
院,in
陣,z'in
陡,to:
陛,he:
陝,sen
除,z'o
陪,bai
陵,ryo:
陳,ts'in
陸,riku
陰,in
陴,hi
陶,to:
陷,kan
隊,tai
階,kai
隋,zui
陽,yo:
隅,gu:
隆,ryu:
隍,ko:
陲,sui
隘,ai
隔,kaku
隕,in
隙,geki
障,s'o:
際,sai
隧,sui
隨,zui
險,ken
隱,in
隴,ro:
隸,re:
隻,seki
雀,z'aku
雁,gan
雅,ga
雄,yu:
集,s'u:
雇,ko
雍,yo:
雋,s'un
雉,z'i
雌,s'i
雕,ts'o:
雖,sui
離,ri
雜,zatsu
雙,so:
雛,su:
雞,ke:
難,nan
雨,u
雪,setsu
雯,bun
雲,un
雷,rai
電,den
雹,haku
零,re:
需,z'u
霄,s'o:
霆,te:
震,s'in
霉,bai
霎,s'o:
霑,ten
霖,rin
霍,kaku
霓,ge:
霏,hi
霜,so:
霞,ka
霪,in
霧,mu
霸,ha
霹,heki
露,ro
霽,se:
霾,bai
靂,reki
靈,re:
靄,ai
青,se:
靖,se:
靛,ten
靜,se:
非,hi
靠,ko:
靡,hi
面,men
靦,ten
靨,yo:
革,kaku
靴,ka
靶,ha
靼,tan
鞅,o:
鞍,an
鞋,ai
鞏,kyo:
鞘,s'o:
鞠,kiku
鞣,z'u:
鞦,s'u:
鞭,ben
韃,datsu
韁,kyo:
韆,sen
韋,i
韌,z'in
韓,kan
韜,to:
韭,kyu:
音,on
章,s'o:
竟,kyo:
韶,s'o:
韻,in
響,kyo:
頁,ketsu
頂,ts'o:
頃,ke:
項,ko:
順,z'un
須,su
預,yo
頑,gan
頓,ton
頊,kyoku
頒,han
頌,s'o:
頗,ha
領,ryo:
頡,ketsu
頰,kyo:
頸,ke:
頻,hin
頷,gan
頭,to:
頹,tai
頤,i
顆,ka
額,gaku
顏,gan
題,dai
顎,gaku
顓,sen
類,rui
願,gan
顛,ten
顧,ko
顫,sen
顯,ken
顰,hin
顱,ro
風,hu:
颯,satsu
颱,tai
颳,katsu
颶,gu
颺,yo:
颼,so:
飄,hyo:
飛,hi
食,s'oku
飢,ki
飧,son
飪,z'in
飯,han
飩,don
飲,in
飭,ts'oku
飼,s'i
飴,i
飽,ho:
飾,s'oku
餃,gyo:
餅,he:
餌,z'i
餉,s'o:
養,yo:
餓,ga
餒,dai
餘,yo
餐,san
館,kan
餞,sen
餛,kon
餡,an
餵,dai
餾,ryu:
餿,so:
餽,ki
饅,man
饒,z'o:
饑,ki
饜,en
饞,san
首,s'u
香,ko:
馥,kuku
馨,ke:
馬,ba
馮,hyo:
馭,gyo
馳,ts'i
馱,ta
馴,z'un
駁,haku
駝,da
駐,ts'u:
駟,s'i
駛,s'i
駑,do
駕,ka
駒,ku
駙,hu
駭,gai
駢,hen
駱,raku
騁,te:
駿,s'un
騎,ki
騖,bu
騙,hen
騫,ken
騰,to:
騷,so:
驅,ku
驃,hyo:
驀,baku
騾,ra
驕,kyo:
驚,kyo:
驛,eki
驗,ken
驟,s'u:
驢,ro
驥,ki
驪,ri
骨,kotsu
骯,ko:
骰,to:
骷,ku:
骸,gai
骼,kaku
髏,ro
髒,so:
髓,zui
體,tai
高,ko:
髦,bo:
髮,hatsu
髯,zen
髻,ke:
髭,s'i
鬃,so:
鬆,s'o:
鬍,ko
鬚,s'u
鬢,bin
鬥,to:
鬧,to:
鬨,ko:
鬱,utsu
鬼,ki
魁,kai
魂,kon
魅,mi
魄,haku
魏,gi
魔,ma
魘,en
鬲,kaku
魚,gyo
魷,yu:
魯,ro
鮑,ho
鮮,sen
鮫,ko:
鮪,ki
鯊,sa
鯉,ri
鯽,seki
鯨,ge:
鯧,s'o:
鰓,sai
鰍,s'u:
鰭,ki
鰥,kan
鱉,hetsu
鰱,ren
鰾,hyo:
鰻,man
鱔,sen
鱗,rin
鱖,ke:
鱷,gaku
鱸,ro
鳥,ts'o:
鳩,kyu:
鳴,me:
鳶,en
鳳,ho:
鴆,ts'in
鴉,a
鴕,da
鴣,ko
鴦,o:
鴨,o:
鴒,re:
鴛,en
鴻,ko:
鴿,ko:
鵑,ken
鵝,ga
鵠,koku
鶉,z'un
鵡,bu
鵲,s'aku
鵪,an
鵬,ho:
鶯,o:
鶴,kaku
鷂,yo:
鷓,s'a
鷗,o:
鷥,s'i
鷹,yo:
鷺,ro
鸚,in
鸞,ran
鹹,kan
鹼,ken
鹽,en
鹿,roku
麂,ki
麋,bi
麒,ki
麗,re:
麓,roku
麝,z'a
麟,rin
麥,baku
麩,hu
麴,kiku
麵,men
麻,ma
麼,bi
麾,ki
黃,ko:
黍,s'o
黎,re:
黏,nen
黑,koku
墨,boku
默,boku
黔,ken
點,ten
黜,ts'utsu
黝,yu:
黛,tai
黠,katsu
黨,to:
黯,an
黴,bai
黷,toku
鼇,go:
鼎,te:
鼓,ko
鼕,to:
鼙,he:
鼠,so
鼬,yu:
鼴,en
鼻,bi
鼾,kan
齊,se:
齋,sai
齒,s'i
齟,so
齣,s'aku
齡,re:
齜,s'i
齦,gin
齬,go
齪,saku
齷,aku
齲,ku
龍,ryu:
龔,kyo:
龜,ki
